object	nsubj
convince	nsubjpass
observe	xcomp
pretend	nsubj
murder	nsubjpass
fumble	nsubj
assent	dobj
trip	nsubj
thread	nsubj
ponder	nsubj
persevere	nsubj
lecture	nsubj
compliment	dobj
tag	dobj
switch	nsubj
scowl	nsubj
remind	nsubjpass
puzzle	nsubjpass
outdo	nsubj
mop	nsubj
intoxicate	nsubjpass
disincline	nsubjpass
demonstrate	nsubj
contend	nsubj
cock	nsubj
clamber	nsubj
bet	nsubj
annoy	nsubjpass
adjust	nsubj
wager	nsubj
vault	nsubj
unwind	nsubj
succumb	nsubj
slay	appos
slap	nsubj
resume	xcomp
represent	dep
remonstrate	dobj
refer	nsubjpass
recruit	nsubj
recognise	nsubjpass
rave	nsubj
rank	nsubj
query	nsubj
quell	nsubj
preoccupy	nsubjpass
muster	nsubj
muse	dobj
mumble	nsubj
madden	dobj
light	dep
knock	conj
interrogate	dobj
instruct	nsubj
instruct	dobj
imagine	nmod:tmod
house	xcomp
hope	parataxis
hesitate	parataxis
glower	nsubj
gamble	conj
forewarn	dobj
flip	nsubj
essay	nsubj
entrench	nsubjpass
entrap	dobj
encourage	nsubjpass
emigrate	nsubj
drawl	dobj
doan	dep
divine	nsubj
discompose	dobj
deprive	nsubjpass
deign	nsubj
curtsey	nsubj
compare	advcl
comment	nsubj
classify	nsubj
change	xcomp
brush	nsubj
brandish	nsubj
avail	nsubj
assassinate	nsubjpass
amuse	nsubjpass
work	parataxis
wiss	nsubj
wish	parataxis
wire	nsubj
wilder	nmod
whisper	dep
wed	dep
weather	nsubj
weary	nsubjpass
weaken	nsubjpass
warn	advmod
waitin	nsubj
vouchsafe	nsubj
vote	nsubjpass
volunteer	nsubj
visualize	dobj
vent	nsubj
venerate	nsubj
venerate	nmod
vacate	nsubj
usher	nsubjpass
usher	dobj
upturn	nmod
untouch	nsubjpass
untotter	dobj
unravel	nsubj
unman	nsubj
unite	parataxis
unhook	nsubj
undress	dobj
unbar	nsubj
umpire	nsubj
tumble	nsubjpass
transplant	xcomp
transplant	nsubj
transmit	nsubj
topple	nsubj
to-night	nmod
toddle	advcl
toast	nsubj
titter	dobj
tickle	dobj
thrash	dobj
test	nsubj
tax	dobj
tangle	nmod
tack	nsubj
swim	conj
sweep	parataxis
swear	xcomp
swear	advcl
swamp	csubj
surmise	nsubj
superscribe	nmod
suit	ccomp
subside	conj
subscribe	xcomp
submit	nsubjpass
stutter	nsubj
stupefy	nsubjpass
study	xcomp
stretch	parataxis
stop	appos
st	nsubj
stir	dep
step	conj
stay	xcomp
station	nsubj
staid	nmod
stagger	nsubjpass
stab	nsubjpass
squeeze	xcomp
squat	conj
sprinkle	nsubj
spoon	nsubj
spoil	xcomp
spik	dobj
specify	dobj
somethink	nsubj
sniff	nsubj
sneer	dobj
smirk	nsubj
slight	dobj
slash	nsubj
skylark	nsubj
skirmish	nsubj
skin	nmod
sivilize	nsubj
single	nsubj
single	dobj
simper	nsubj
signify	dep
sight	nsubjpass
sidestep	nsubj
ship	nsubj
sha	nsubj
sense	nsubj
seduce	nsubj
second	nsubj
search	ccomp
scrutinize	xcomp
scrutinize	nsubjpass
scrunch	nsubj
scream	nsubjpass
scout	nmod
scoop	nsubj
save	iobj
saturate	nsubj
sanctify	nsubj
sah	dobj
sack	nsubjpass
ruther	nsubj
rumour	nsubjpass
ruin	dep
ruin	appos
row	nsubj
romance	dep
rob	ccomp
rifle	nsubj
reverend	dobj
retard	xcomp
retain	nsubjpass
resume	dep
restrain	nsubjpass
resort	nsubj
resell	nmod
reprimand	nsubj
repair	nsubj
reopen	nsubj
rent	advcl
rely	nsubj
relieve	conj
relapse	nsubj
regain	advcl
refund	nmod
refasten	nsubj
re-enforce	nsubj
rediscover	nmod
recommit	nsubjpass
recommence	xcomp
reclaim	nsubj
recite	nsubj
rechristen	nsubj
recapture	nsubjpass
recapture	nmod
rebuke	nsubj
re-baptize	nsubj
reassure	parataxis
reason	nsubj
rap	nsubj
ransack	nsubj
rank	nsubjpass
rally	nsubjpass
rake	nsubj
quid	nsubj
quibble	nmod
qualify	nsubj
purpose	nsubj
purge	nsubj
provoke	nsubjpass
prophesy	nsubj
promote	nsubj
proclaim	nsubjpass
prob	nsubj
probate	nsubjpass
prise	parataxis
pretend	ccomp
premeditate	nsubj
preface	conj
pour	expl
pound	nsubj
pound	dep
poignard	dobj
plug	nsubj
plot	nsubj
pledge	nsubj
plead	dep
play	appos
pilot	nsubj
picture	xcomp
pet	nmod
petition	nsubj
perturb	nsubjpass
persevere	dep
perplex	nsubjpass
perch	nsubjpass
penetrate	dep
pencil	nsubj
peer	advcl
pawse	nsubj
pause	parataxis
paddle	xcomp
overwork	nmod
overshadow	dobj
overpower	nsubjpass
overhear	nsubj
overdo	nsubj
outshine	nsubj
outmatch	xcomp
outdo	dobj
oppose	xcomp
operate	dobj
ole	dobj
object	parataxis
nur	dobj
nid	nsubj
nickname	nsubj
mystify	nsubj
mutter	parataxis
murmur	nmod:tmod
murmur	conj
mourn	nsubj
mortgage	nsubj
mope	nsubj
mollify	nmod
misunderstand	xcomp
mine	nsubj
mate	advcl
marshal	nsubj
marry	xcomp
mangle	dobj
lunch	parataxis
luff	nsubj
lounge	nsubj
lock	dep
loathe	nsubj
live	appos
listen	appos
lighten	dep
lift	iobj
liberate	nsubjpass
liberate	dobj
let	discourse
land	nsubjpass
labour	conj
knuckle	nsubj
knife	dobj
kidnap	dobj
kick	nsubjpass
jus	nsubj
joke	dep
join	ccomp
jest	appos
jar	nsubjpass
investigate	nsubj
intrust	nsubj
intoxicate	dobj
intimidate	dobj
interview	nsubj
insult	xcomp
insert	nsubj
inlay	nsubj
inform	nsubjpass
infer	nsubj
infatuate	nsubjpass
indicate	advcl
include	conj
incense	dobj
inaugurate	nsubj
improve	ccomp
imperil	nsubj
immerse	nsubjpass
imbrue	nsubjpass
idolize	dobj
idle	nsubj
hypnotise	nsubj
humble	nsubjpass
hope	xcomp
holld	nsubj
holden	conj
hiss	dep
hinder	parataxis
help	nmod:tmod
heckle	dobj
hazard	nsubj
hark	dobj
harass	nsubj
harangue	dobj
hand	iobj
hand	dep
halloo	dobj
half-open	nsubj
habituate	nsubjpass
grumble	dep
grow	csubj
groan	appos
grieve	nsubjpass
grieve	advcl
graduate	nsubj
go	appos
gnash	nsubj
git	dep
giggle	nsubj
gettest	dobj
gÃªne	nsubj
gasp	xcomp
gap	conj
game	nsubj
gamble	dep
gag	nsubj
gad	nsubj
furl	nmod
fry	nsubj
found	nsubj
formulate	nsubj
forewarn	nsubjpass
foretell	nsubj
fool	nsubj
flout	nsubj
flog	nsubj
flock	dobj
flirt	nsubj
fish	nsubj
find	iobj
ferret	nsubjpass
feed	nsubjpass
feed	dep
feed	ccomp
feard	nsubjpass
fascinate	nsubjpass
familiarize	dobj
fag	nsubj
extend	dep
explode	dep
exclaim	parataxis
except	nsubj
eulogize	nsubj
estrange	dobj
esteem	parataxis
esteem	nsubj
escort	nsubjpass
erase	nsubj
ept	nmod
entreat	nsubj
entreat	dep
entertain	nsubjpass
ensconce	nsubj
enrich	nsubj
enquire	nsubj
enlighten	xcomp
engage	xcomp
enfold	nsubj
endure	advcl
endear	nsubjpass
embolden	nsubj
embolden	dobj
embark	nsubj
embalm	dobj
elevate	parataxis
elasp	nmod
dupe	nsubjpass
drownd	nsubj
dream	dep
doom	nsubjpass
dodge	advcl
divorce	nsubj
dissatisfy	nsubjpass
dispute	nsubj
dispose	advcl
displease	dobj
displace	nsubj
dismiss	parataxis
dislocate	nsubj
dislike	nmod
dishearten	dep
disgrace	nsubj
disfigure	dobj
discontinue	nsubj
disarrange	ccomp
din	nmod
dethrone	nsubj
detest	nsubj
deter	nsubjpass
detain	nsubjpass
detail	nsubj
despise	ccomp
despatch	nsubj
desire	nmod:tmod
deprecate	nsubj
deposit	ccomp
depose	nsubj
depose	nmod
denominate	nsubj
delude	nsubjpass
delight	nsubjpass
delay	parataxis
deflect	nsubj
defer	nsubj
defend	advcl
deduce	nsubj
decoy	nsubjpass
declare	iobj
decamp	nsubj
dearest	dobj
date	xcomp
curse	nsubjpass
cuff	nsubj
cudgel	nsubj
cow	nsubj
cough	dep
cough	advmod
corroborate	nsubj
coquet	nsubj
cop	nsubj
convict	appos
contradict	xcomp
contradict	nsubj
consign	nsubj
consign	ccomp
congratulate	dep
confess	xcomp
conduct	xcomp
compromise	nsubj
compose	parataxis
complement	dobj
complain	ccomp
commission	nsubj
commentate	dobj
comfort	nsubjpass
come	appos
colour	nsubj
collate	nsubj
collaborate	nsubj
cohere	nsubj
cogitate	nsubj
coerce	nsubj
coerce	ccomp
coax	nsubj
clasp	conj
circle	parataxis
chip	dep
center	nmod
catalogue	nmod
cannonade	nsubjpass
burden	nsubjpass
bully	nsubj
bring	csubj
brave	dep
brag	parataxis
bow	advcl
boot	nsubjpass
boo-hoo	nmod
bluff	nsubjpass
bluff	dep
blame	dep
blackguard	dobj
bite	parataxis
bite	nsubjpass
bewitch	nsubjpass
bethink	xcomp
beseech	nsubj
bask	nsubj
baron	xcomp
baron	dep
baptize	nmod
bandage	nsubj
awake	advcl
a-visit	nsubj
avenge	dep
authorise	nsubj
assure	xcomp
asseverate	nsubj
assault	dobj
a-scrape	conj
argue	dep
apprise	dobj
apprehend	xcomp
apostrophize	nsubj
apostrophize	dep
apologize	nsubj
apologise	nsubj
announce	dep
anathematise	nmod
analyze	nsubj
amuse	parataxis
amuse	dep
amble	dobj
amaze	parataxis
alia	dep
afore	nmod:tmod
affront	nsubjpass
affright	dobj
adore	nsubjpass
administer	nsubj
adjure	dobj
addict	nsubjpass
acquaint	xcomp
acquaint	dobj
accede	nsubj
abuse	nsubj
a-bother	nmod
abide	nsubj
a-bear	nsubj
retort	dobj
assent	nsubj
chuckle	nsubj
protest	nsubj
wince	nsubj
contemplate	nsubj
rejoin	dobj
eye	nsubj
croak	dobj
advise	nsubj
wring	nsubj
stride	nsubj
grumble	nsubj
faint	nsubj
stammer	nsubj
exclaim	dobj
clasp	nsubj
untie	nsubj
spare	nsubj
shock	nsubjpass
saturate	nsubjpass
refrain	nsubj
prevail	nsubjpass
long	nsubj
implore	nsubj
disdain	nsubj
clean	nsubj
charge	nsubj
beckon	nsubj
glance	nsubj
examine	nsubj
accost	nsubj
attempt	nsubj
seat	nsubj
mention	nsubj
kneel	nsubj
retort	nsubj
smile	nsubj
bid	nsubj
persuade	dobj
frown	nsubj
summon	nsubjpass
scrutinize	nsubj
deem	nsubj
wriggle	nsubj
venerate	dobj
testify	nsubj
tempt	nsubjpass
spur	dobj
sip	nsubj
shield	dobj
rejoice	nsubj
presume	nsubj
poke	nsubj
picture	nsubj
listen	dep
exterminate	dobj
entertain	nsubj
educate	nsubjpass
apprentice	nmod
anticipate	nsubj
amaze	nsubjpass
agree	nsubjpass
acquiesce	nsubj
listen	nsubj
step	nsubj
marry	nsubjpass
hand	nsubj
walk	nsubj
murmur	nsubj
lean	nsubj
tease	nsubj
confess	nsubj
nod	nsubj
sit	nsubj
plead	nsubj
hint	nsubj
arrest	nsubjpass
cry	dobj
shrug	nsubj
please	nsubjpass
reply	dobj
remark	nsubj
ask	nsubj
laugh	nsubj
say	nsubj
wish	nsubj
stay	nsubj
kiss	nsubj
kill	nsubjpass
insist	nsubj
meditate	nsubj
invite	nsubj
growl	nsubj
translate	nmod
recollect	nsubj
jerk	nsubj
blush	nsubj
select	nsubj
request	nsubj
rent	nsubj
redden	nsubj
realise	nsubj
query	dobj
preside	nsubj
fain	nsubj
advise	dobj
waken	nsubjpass
vex	nsubjpass
upset	nsubjpass
tug	nsubj
transfer	nsubj
totter	nsubj
thrash	nsubj
think	appos
superintend	nsubj
sink	nsubjpass
serve	iobj
repress	nsubj
repay	nsubj
remonstrate	nsubj
re-enter	nsubj
recline	nsubj
profess	nsubj
prescribe	nsubj
pity	nsubj
pace	nsubj
overthrow	nsubj
oblige	dobj
name	xcomp
manifest	nsubj
institute	nsubj
instil	nsubj
install	nsubjpass
inform	advcl
idolize	nsubj
horrify	nsubj
hook	nsubj
honour	nsubj
harp	nsubj
hack	nsubj
grace	nsubj
fatigue	nsubjpass
engross	nsubjpass
engross	nsubj
encrust	nsubjpass
elect	nsubjpass
drive	dep
dodge	nsubj
disconcert	nsubjpass
disappoint	nsubjpass
deliberate	nsubj
dare	parataxis
cultivate	nsubj
conjecture	nsubj
congratulate	nsubj
christen	nsubjpass
bustle	nsubj
bundle	nsubj
braid	parataxis
bewilder	nsubjpass
banish	nsubj
assure	dep
announce	xcomp
alarm	nsubjpass
advertise	dobj
accuse	nsubjpass
accost	dobj
mutter	nsubj
propose	nsubj
alia	dobj
admire	nsubj
reply	nsubj
pause	nsubj
wonder	nsubj
fancy	nsubj
withdraw	nsubj
spend	nsubj
oblige	nsubjpass
stagger	nsubj
rejoin	nsubj
determine	nsubjpass
perceive	nsubj
retire	nsubj
inquire	nsubj
observe	nsubj
shudder	nsubj
wound	nsubj
tell	iobj
tap	nsubj
rally	nsubj
oppose	nsubj
kick	nsubj
hurry	nsubj
like	nsubj
gasp	nsubj
exclaim	nsubj
resolve	nsubj
marry	dobj
consider	nsubj
cry	nsubj
name	dobj
surprise	nsubjpass
order	nsubj
conduct	nsubj
sign	nsubj
convict	dobj
tolerate	nsubj
scratch	nsubj
pat	nsubj
pant	nsubj
meet	xcomp
impress	dobj
imagine	dep
gallop	nsubj
forget	dep
christen	dobj
blink	nsubj
assent	dep
annoy	dobj
affirm	nsubj
sleep	nsubj
utter	nsubj
remember	nsubj
complain	nsubj
build	nsubj
try	nsubj
search	nsubj
check	nsubj
attain	nsubj
write	nsubj
think	nsubj
watch	nsubj
hesitate	nsubj
stroll	nsubj
satisfy	nsubjpass
tease	dobj
shoulder	nsubj
shock	dobj
peep	nsubj
mean	ccomp
laugh	dep
hope	dep
excuse	nsubj
encourage	nsubj
descry	nsubj
dazzle	nsubjpass
calculate	nsubj
acquaint	nsubjpass
stare	nsubj
sigh	nsubj
recognize	nsubj
return	nsubj
pronounce	nsubj
promise	nsubj
marry	nsubj
direct	nsubj
explain	nsubj
perish	nsubj
mutter	dep
moan	dobj
invent	nsubj
grin	nsubj
evince	nsubj
beg	nsubj
pursue	nsubj
regain	nsubj
cough	nsubj
consent	nsubj
pick	nsubj
feel	nsubj
push	nsubj
grasp	nsubj
recoil	nsubj
motion	nsubj
raise	nsubj
wait	nsubj
look	nsubj
hear	nsubj
jump	nsubj
survey	nsubj
manage	nsubj
inform	dobj
place	nsubj
put	nsubj
read	nsubj
hope	nsubj
assure	nsubj
love	nsubj
wave	nsubj
notice	nsubj
demand	nsubj
see	nsubj
gaze	nsubj
lift	nsubj
shout	nsubj
prepare	nsubj
inquire	dobj
halt	nsubj
rub	nsubj
ride	nsubj
question	dobj
obey	nsubj
ejaculate	dobj
bite	nsubj
acknowledge	nsubj
resist	nsubj
dine	nsubj
defend	nsubj
wish	dep
want	dep
understand	dep
tempt	dobj
sigh	dobj
resolve	nsubjpass
reserve	nsubj
refer	nsubj
purchase	nsubj
name	nsubj
console	dobj
attribute	nsubj
surprise	dobj
spy	nsubj
sneer	nsubj
shrink	nsubj
plead	dobj
motion	dobj
mix	nsubj
loosen	nsubj
inherit	nsubj
greet	dobj
gasp	dobj
fret	nsubj
envy	nsubj
consult	nsubj
argue	nsubj
allude	nsubj
wipe	nsubj
warn	nsubjpass
wait	nsubjpass
tip	nsubj
tighten	nsubj
terrify	nsubjpass
sympathise	nsubj
subsist	nmod
state	nsubj
send	iobj
resign	nsubj
reside	nsubj
release	nsubjpass
recognize	xcomp
reckon	nsubjpass
re-appear	nsubj
ramble	nsubj
question	nsubj
puzzle	nsubj
prevent	nsubjpass
praise	dobj
pity	dobj
persuade	nsubjpass
_	parataxis
overhear	nmod
offend	dobj
nurse	nsubj
moan	nsubj
live	parataxis
lavish	nsubj
incline	nsubjpass
impose	nsubjpass
hiss	dobj
hew	nsubj
grunt	nsubj
grab	nsubj
feign	nsubj
entitle	nsubj
elbow	nsubj
drawl	nsubj
dispose	nsubj
declare	nmod:tmod
deal	nsubj
croak	nsubj
counsel	dobj
confide	nsubj
comfort	dobj
chafe	nsubj
bless	dep
balance	nsubj
attest	nmod
accompany	nsubjpass
wrong	dobj
wrest	nmod
wrestle	nmod
wot	nsubj
worship	nsubj
worry	nsubj
worm	nsubj
whitewash	nsubj
wed	dobj
weave	nsubj
weave	advcl
wean	dobj
want	nsubjpass
wag	nsubj
vote	nsubj
voice	nsubj
violate	nmod
vie	nsubj
verify	nmod
vanquish	nsubjpass
utilize	nsubj
unroll	nsubj
unload	nsubj
uncover	nsubj
typewrite	nmod
trim	nsubj
tramp	nsubj
thunder	dep
thrive	nmod
thrill	dobj
threaten	nsubjpass
thaw	nsubj
term	nsubj
talk	appos
swing	conj
surname	dobj
superpose	nsubjpass
summon	dep
sud	nmod
suck	nsubjpass
style	nsubj
stump	nsubjpass
stroke	nsubj
strangle	nsubjpass
stave	nsubj
state	ccomp
stare	parataxis
stammer	dep
stalk	nsubj
stake	nmod
sputter	nsubj
spit	nsubj
speculate	advcl
sound	parataxis
snort	dobj
snarl	nsubj
slice	nsubj
silence	nsubj
sight	dobj
shy	nsubj
shuffle	nsubj
shelter	nmod
seduce	dobj
scribble	nsubj
scramble	nsubj
scour	nsubj
scan	nsubj
sacrifice	nsubj
run	parataxis
ruinate	nsubj
risk	nsubj
rip	nsubj
retort	xcomp
respond	dep
rescue	nsubj
requite	nsubj
reproach	dobj
reply	conj
replenish	nmod
repel	nsubjpass
rehearse	nmod
rectify	dobj
recount	nsubj
reconstruct	nsubjpass
rebuild	dobj
reap	nsubj
raise	xcomp
question	nsubjpass
qualify	dobj
pursue	xcomp
prowl	nsubj
protest	dep
protest	conj
poke	conj
plan	nsubj
pinion	nsubjpass
peruse	nsubj
peep	xcomp
patronize	dobj
patrol	nsubj
overturn	nsubj
overstep	nsubj
outdo	nmod
originate	ccomp
observe	dep
nudge	dobj
muse	nsubj
muffle	nsubjpass
modify	nsubj
mention	conj
mend	nsubj
measle	nmod
man	nsubj
lumber	dobj
love	nsubjpass
listen	nsubjpass
lisp	nsubj
link	nsubj
lease	nmod
learn	nsubjpass
leap	parataxis
launch	nsubj
laugh	advcl
labor	nsubj
kiss	dep
jump	nsubjpass
jeopardize	dobj
introduce	xcomp
intimate	nsubj
interview	dobj
interpret	nsubj
interchange	nmod
intend	dep
instruct	nsubjpass
install	nsubj
inquire	conj
inhale	nsubj
infuriate	dobj
indite	nmod
improvise	nsubj
imperil	dobj
ignite	nsubj
identify	nsubj
hunch	dobj
humble	nmod
hug	nsubj
hint	dep
herr	nmod
hark	nmod
halt	advcl
haggle	nmod
guide	nsubjpass
guess	parataxis
grope	nsubj
grin	dep
gratify	nsubj
grapple	nmod
gesture	nmod
gain	xcomp
forward	nsubj
fortify	nsubj
fly	advcl
flop	nsubj
flock	nmod
float	conj
finger	nsubj
fidget	nsubj
fare	nsubj
falter	dobj
extort	nmod
express	dep
expound	nsubj
expostulate	nmod
explode	nsubjpass
exhort	nsubj
exalt	nsubjpass
evolve	nsubj
esteem	nmod
espy	nsubj
er	nsubj
equip	nsubjpass
enumerate	nsubj
encamp	nsubjpass
emphasize	nsubj
elect	dobj
efface	parataxis
educate	nsubj
echo	dep
dropt	nsubj
divest	nsubj
dismiss	nsubjpass
dislodge	nsubjpass
disgust	nsubjpass
disengage	nsubj
discourage	nsubjpass
disconcert	nsubj
discompose	nmod
discard	nmod
disarrange	nsubj
disappear	nmod:tmod
diagnose	nsubj
design	nsubj
denounce	nsubjpass
delight	dobj
defy	nsubj
declaim	nmod
decapitate	dobj
date	nsubj
dat	dobj
dam	nsubj
cuff	nsubjpass
count	parataxis
compromise	dobj
comprehend	nsubjpass
compensate	nsubjpass
collar	nmod
class	nsubjpass
cite	dobj
churn	nsubj
caricature	nmod
cant	nsubj
bump	dobj
bow	nsubjpass
bore	nsubjpass
blunder	dobj
bless	xcomp
bid	nsubjpass
betroth	nsubj
bestir	nsubj
beset	nsubjpass
bequeath	nsubj
bend	parataxis
bemoan	dobj
belong	dobj
belly	nmod
believe	nsubjpass
believe	advmod
beckon	dobj
band	dobj
assist	nsubjpass
assign	nsubjpass
arm	dobj
apprehend	nsubjpass
annotate	dobj
amaze	dobj
amalgamate	dobj
allow	iobj
alienate	dobj
agonize	nsubj
advise	nsubjpass
admonish	nsubjpass
admit	nmod:tmod
adhere	nsubj
acquit	nsubj
acquaint	nsubj
absent	nsubj
ask	dobj
continue	nsubj
answer	nsubj
wake	nsubj
spring	nsubj
treat	nsubj
recover	nsubj
join	nsubj
win	nsubj
respond	nsubj
refuse	nsubj
tell	nsubj
say	dobj
awake	nsubj
shake	nsubj
speak	nsubj
add	nsubj
call	nsubj
seat	nsubjpass
want	nsubj
fling	nsubj
understand	nsubj
pay	nsubj
remove	nsubj
whisper	nsubj
engage	nsubjpass
enter	nsubj
forget	nsubj
suspect	nsubj
seize	nsubjpass
repeat	xcomp
decide	nsubj
study	nsubj
straighten	nsubj
send	nsubj
use	nsubj
pull	nsubj
accept	nsubj
murmur	dobj
repeat	nsubj
fight	nsubj
undertake	nsubj
suck	nsubj
relate	nsubj
hire	nsubj
head	nsubj
endeavour	nsubj
desire	nsubj
condemn	nsubjpass
clap	nsubj
approve	nsubj
alia	nsubj
hasten	nsubj
accompany	nsubj
toss	nsubj
groan	nsubj
glide	nsubj
experience	nsubj
comprehend	nsubj
address	nsubj
expect	nsubj
teach	nsubj
bow	nsubj
venture	nsubj
yell	dobj
spare	nsubjpass
snatch	nsubj
shove	nsubj
prick	nsubj
overtake	dobj
growl	dobj
groan	dobj
grip	nsubj
explain	dep
exclaim	xcomp
entreat	dobj
elevate	nsubj
dig	nsubj
attack	nsubj
adore	nsubj
find	nsubj
declare	nsubj
wake	dobj
force	nsubjpass
live	nsubj
receive	nsubj
turn	nsubj
need	nsubj
press	nsubj
quit	nsubj
strain	nsubj
interpose	nsubj
avoid	nsubj
accustom	nsubjpass
use	nsubjpass
commit	nsubj
answer	xcomp
get	nsubj
shiver	nsubj
mutter	dobj
express	nsubj
let	nsubj
resume	nsubj
address	dobj
advance	nsubj
command	nsubj
echo	dobj
deny	nsubj
count	nsubj
summon	nsubj
cherish	nsubj
chance	nsubj
wheel	nsubj
waver	nsubj
wail	nsubj
uphold	nsubj
toss	nsubjpass
taste	nsubj
sup	nsubj
strangle	dobj
stimulate	dobj
station	nsubjpass
speed	nsubj
slay	dobj
shout	xcomp
scare	nsubj
salute	dobj
saith	nsubj
refill	nsubj
recover	nsubjpass
reconcile	nsubj
puff	nsubj
prolong	nsubj
press	nsubjpass
please	dep
persist	dobj
pass	xcomp
like	ccomp
impress	nsubjpass
growl	dep
fulfil	nsubj
frighten	nsubjpass
falter	nsubj
exclude	dobj
escape	dep
don	nsubj
dine	dobj
devote	nsubj
despatch	dobj
charm	dobj
celebrate	nsubjpass
bother	nsubj
behave	nsubj
beguile	nsubj
awaken	nsubjpass
avenge	nsubj
appoint	nsubj
applaud	nsubj
applaud	dobj
aid	nsubj
swear	nsubj
remark	dobj
dance	nsubj
throw	nsubj
warn	dobj
interrupt	nsubj
encounter	nsubj
drag	nsubj
take	nsubj
offer	nsubj
thank	nsubj
remind	dobj
hurt	nsubj
guess	nsubj
kill	dobj
go	nsubj
stand	nsubj
drink	nsubj
invite	dobj
expect	nsubjpass
dress	nsubj
decline	nsubj
thunder	dobj
split	nsubj
smoke	nsubj
save	nsubjpass
retort	dep
nurse	dobj
murmur	dep
introduce	nsubj
indulge	nsubj
group	nsubjpass
gratify	nsubjpass
foresee	nsubj
feature	nmod
enable	dobj
ejaculate	nsubj
dominate	nsubj
dismiss	nsubj
brighten	nsubj
borrow	nsubj
blame	nsubj
answer	dobj
arrange	nsubj
choose	nsubj
agree	nsubj
catch	nsubj
finish	nsubj
regard	nsubj
threaten	nsubj
mention	nsubjpass
eat	nsubj
draw	nsubj
weep	nsubj
persuade	nsubj
deserve	nsubj
die	nsubj
reappear	nsubj
doubt	nsubj
bury	nsubjpass
back	nsubj
mount	nsubj
talk	nsubj
paint	nsubj
attend	nsubj
say	dep
dart	nsubj
stop	nsubj
hold	nsubj
accompany	dobj
give	iobj
love	dobj
leave	nsubj
welcome	nsubj
warn	nsubj
urge	nsubj
swallow	nsubj
strike	nsubjpass
picture	dobj
lock	nsubj
erect	nsubj
persist	nsubj
overthrow	dobj
hail	nsubj
get	parataxis
fear	nsubj
deliver	nsubj
crawl	nsubj
recommend	nsubj
quarrel	nsubj
note	nsubj
measure	nsubj
confine	nsubjpass
climb	nsubj
burn	nsubjpass
believe	dep
assert	nsubj
transcribe	nmod
swallow	nsubjpass
sign	xcomp
roar	dobj
report	nsubj
relieve	nsubj
pray	nsubj
introduce	nsubjpass
hurt	nsubjpass
dress	nsubjpass
die	dep
deposit	nsubj
consist	dobj
waken	nsubj
unlock	nsubj
understand	xcomp
trust	nsubj
rob	nsubj
repose	nsubj
reject	nsubj
reel	nsubj
preach	nsubj
oblige	nsubj
love	dep
level	nsubj
inhabit	nsubj
frighten	dobj
elude	nsubj
distinguish	nsubj
commend	nmod
clutch	nsubj
boil	nsubj
assure	nsubjpass
appoint	nsubjpass
anticipate	nmod
alight	nsubj
accuse	dobj
yonder	nsubj
wuz	nsubj
write	parataxis
wonder	dep
wish	advcl
wid	nsubj
wid	dobj
wed	nsubj
warn	dep
want	advmod
vow	nsubj
understand	advcl
trot	nsubj
transfigure	nsubjpass
tranquillize	dobj
toy	nmod
tow	nsubj
tire	parataxis
telephone	nmod
talk	xcomp
talk	parataxis
sweep	advcl
suffer	nsubjpass
subjugate	nsubj
stumble	nsubj
stuff	nsubj
stricken	nsubjpass
storm	nsubj
stiffen	dobj
steal	conj
spill	nsubjpass
soothe	nsubjpass
solve	nmod
snort	nsubj
snore	nsubj
smile	xcomp
slouch	nsubj
second	dobj
screw	nsubj
scold	nsubj
scold	dobj
save	xcomp
saunter	nsubj
run	xcomp
rove	nsubj
rise	parataxis
resent	nsubj
repulse	nmod
reproduce	nsubjpass
relate	nsubjpass
rejoin	dep
reform	nsubj
record	nsubj
recognize	nsubjpass
realise	ccomp
quiet	nsubj
pump	dobj
pull	dep
publish	nsubj
protest	dobj
promulgate	nsubj
promise	dep
proclaim	dobj
prevent	xcomp
preoccupy	dobj
prattle	nmod
pounce	nmod
poison	nsubjpass
please	conj
place	nmod:tmod
pitch	nsubjpass
peer	dep
pay	iobj
owe	xcomp
outstrip	dobj
order	xcomp
offer	iobj
notify	dobj
neglect	nsubj
moisten	nsubj
meantersay	dobj
loose	nsubjpass
lodge	nsubjpass
lengthen	dobj
languish	nsubj
labour	nsubj
knot	nsubj
join	nsubjpass
jest	nsubj
intrude	nsubj
intoxicate	nsubj
insult	dobj
inform	dep
hunt	nsubj
hoist	nsubj
hit	conj
help	xcomp
help	parataxis
heap	nsubj
hazard	nmod
haunt	nsubjpass
hast	nsubj
happen	ccomp
handle	advcl
hai	nsubj
grieve	nsubj
grieve	dobj
gasp	dep
forsake	nsubj
forgit	nsubj
forget	xcomp
forestall	dobj
flick	nsubj
fit	dep
favor	dobj
explore	nsubj
exert	nsubj
ere	nsubj
ere	nmod
enter	nsubjpass
enjoin	nsubj
endeavor	nsubj
elucidate	nmod
drink	dep
dress	dep
drat	dobj
disarm	dobj
die	xcomp
descend	conj
decipher	nsubj
dangle	nsubj
curse	nsubj
crown	nsubjpass
crown	nsubj
cross	dep
cower	nsubj
converse	nsubj
control	nsubj
continue	advcl
constrain	nmod
consist	parataxis
conjure	nsubj
condemn	advmod
compliment	nsubj
commend	dobj
combate	dobj
coat	nsubjpass
chronicle	nsubj
caress	nsubj
capitulate	nsubj
button	nsubj
bust	nsubj
break	advcl
brag	nsubj
bolt	nsubj
blunder	nsubj
bless	nsubjpass
blacken	nsubj
bid	dep
belong	advmod
behold	nsubjpass
become	nsubjpass
babble	nsubj
attest	nsubj
astonish	nsubjpass
arrive	nsubjpass
arrive	dep
agree	dep
aggravate	nmod
afflict	nsubjpass
abdicate	nmod
tremble	nsubj
seize	nsubj
have	nsubj
kill	nsubj
follow	nsubj
describe	nsubj
believe	nsubj
think	dep
visit	nsubj
lose	nsubj
explain	nmod
keep	nsubj
start	nsubj
dare	nsubj
report	nmod
fire	nsubj
give	nsubj
meet	nsubj
knock	nsubj
shout	dobj
call	xcomp
leave	nsubjpass
learn	nsubj
emerge	nsubj
fix	nsubj
revolve	nsubj
repeat	dep
peer	nsubj
issue	nsubj
stretch	nsubj
buy	nsubj
arrive	nsubj
steal	nsubj
cry	dep
rouse	nsubj
lower	nsubj
dream	nsubj
bestow	nsubj
stoop	nsubj
spin	nsubj
sob	nsubj
shriek	nsubj
mean	dep
interpose	dobj
hover	nsubj
flush	nsubj
excuse	dobj
crouch	nsubj
observe	dobj
know	nsubj
settle	nsubj
do	parataxis
return	dep
produce	nmod
wear	nsubj
allow	nsubj
whisper	dobj
behold	nsubj
want	xcomp
reflect	nsubj
look	dep
skirt	nsubj
rob	dobj
hate	nsubj
employ	nsubj
call	dep
assist	nsubj
write	xcomp
wrap	nsubjpass
upset	nmod
sustain	nsubj
suggest	dep
slacken	nsubj
relieve	nsubjpass
regret	nsubj
rage	nmod
overwhelm	nsubjpass
overcome	nsubjpass
offend	nsubj
murmur	ccomp
mind	nsubj
injure	dobj
hear	parataxis
extract	nsubj
discharge	nsubj
compare	nsubj
call	iobj
air	nmod
agitate	nsubjpass
acquire	nsubj
accentuate	nmod
gain	nsubj
demand	dobj
suggest	nsubj
reply	dep
suffer	nsubj
discover	nsubj
urge	dobj
support	nsubj
lend	nsubj
conclude	nsubj
commence	nsubj
collect	nsubj
lay	nsubj
rush	nsubj
begin	nsubj
recognise	nmod
entertain	nmod
ascend	nsubj
act	nsubj
wonder	ccomp
tie	nsubj
sit	dep
live	dep
intend	nsubj
induce	dobj
enjoy	nsubj
employ	nsubjpass
amuse	nsubj
move	nsubj
cross	nsubj
think	parataxis
smell	nsubj
encourage	dobj
blame	dobj
make	nsubj
carry	nsubj
open	nsubj
think	dobj
tell	dep
struggle	nsubj
stick	nsubj
assist	dobj
seek	nsubj
know	xcomp
slip	nsubj
meet	dobj
thrust	nsubj
escape	nsubj
leap	nsubj
bring	nsubj
point	nsubj
play	nsubj
do	nsubj
beat	nsubj
sing	nsubj
shut	nsubj
fold	nsubj
dash	nsubj
trouble	dobj
retain	nsubj
forgive	nsubj
forge	nsubj
betray	nsubj
surprise	nsubj
provoke	dobj
proceed	dobj
inform	nsubj
have	nsubjpass
glare	nsubj
drive	nsubjpass
bury	nsubj
bend	nsubj
bear	dep
apply	nsubjpass
work	dep
witness	nsubj
salute	nsubj
renew	nsubj
quote	dobj
narrate	nsubj
murder	dobj
lurch	nsubj
intensify	nsubj
graze	dobj
flourish	nsubj
eclipse	nmod
destine	nsubjpass
desert	dobj
conceive	nsubj
break	dep
wrinkle	nsubj
withdraw	advcl
will	nsubj
vomit	dobj
triumph	nsubj
trample	nsubj
trace	nsubj
tire	nsubj
thrive	nsubj
terrify	dobj
surrender	nsubj
surmount	nsubj
surmount	dobj
superpose	nmod
stupefy	nsubj
stone	nmod
start	xcomp
squeeze	nsubj
soliloquize	dobj
smooth	nsubj
smile	advcl
slow	nsubj
slope	nmod
silence	nmod
signal	dobj
shove	nsubjpass
shore	nmod
sew	nsubj
scribble	nmod
saith	dobj
sacrifice	nsubjpass
retrace	nsubj
retort	ccomp
renounce	nsubj
rejoice	dobj
recede	nsubj
quit	parataxis
puzzle	dobj
procure	nsubj
precipitate	nsubj
precede	nsubj
play	xcomp
pervade	nsubj
personify	nmod
permit	nsubjpass
paralyze	dobj
oppress	nsubjpass
operate	nsubj
mistake	nsubj
miss	dep
lure	nsubj
love	advcl
listen	parataxis
learn	conj
knight	nmod
jest	nmod
invite	nsubjpass
insult	nsubj
insist	dobj
insinuate	nmod
inscribe	nsubj
imprison	dobj
impede	dobj
illuminate	advcl
huddle	dobj
hope	advcl
hold	parataxis
hitch	nsubj
hiss	nsubj
heed	nsubj
haul	nsubj
harden	nsubj
grunt	dobj
greet	nsubj
gape	nsubj
freeze	nsubj
fraternize	nmod
forge	conj
forestall	nmod
follow	xcomp
follow	parataxis
flatter	nsubjpass
flatten	nsubj
fish	nmod
fill	dep
fan	dobj
expend	nsubj
exist	conj
execrate	nmod
entrust	nsubj
engulf	nsubj
engage	conj
endear	nmod
elicit	nmod
duck	nsubj
dote	nmod
dog	nsubj
dine	conj
differ	nsubj
devote	nsubjpass
detect	nsubj
detain	nsubj
cross	nsubjpass
cram	dobj
covet	dobj
contradict	dobj
consume	nsubj
confess	ccomp
condescend	nsubj
command	nsubjpass
coincide	nmod
choose	nsubjpass
chat	nsubj
catch	conj
breakfast	nsubj
blossom	nsubj
bleed	dobj
beg	xcomp
avenge	nmod
astonish	dobj
articulate	nsubj
approach	dep
apostrophize	dobj
anchor	nmod
afore	nsubj
account	nsubjpass
cast	nsubj
run	nsubj
drop	nsubj
succeed	nsubj
tell	dobj
occupy	nsubj
prepare	nsubjpass
fetch	nsubj
breathe	nsubj
touch	nsubj
call	nsubjpass
approach	nsubj
come	nsubj
satisfy	dobj
fit	nsubj
station	nmod
sell	nsubj
prefer	nsubj
hope	dobj
hit	nsubj
attach	nsubj
force	nsubj
forbid	nsubj
countenance	nmod
announce	nsubj
go	nsubjpass
lead	nsubj
light	nsubj
recall	nsubj
rouse	dobj
determine	nsubj
appeal	nmod
wink	nsubj
thank	dep
strive	nsubj
steer	nsubj
smuggle	nmod
restrain	nsubj
read	dep
pitch	nsubj
pine	nsubj
obtain	nsubj
knit	nsubj
improve	nsubj
elude	dobj
debouch	nmod
confound	nsubj
confer	nsubj
clothe	nsubj
encounter	dobj
represent	nsubj
admit	nsubj
repeat	dobj
proceed	nsubj
say	xcomp
lie	nsubj
mark	nsubj
whistle	nsubj
show	nsubjpass
plan	nmod
march	nsubj
heave	nsubj
bind	nsubjpass
augment	nsubj
assure	dobj
acknowledge	nmod
do	dep
take	nsubjpass
shoot	nsubj
suppose	nsubj
engage	nsubj
tumble	nsubj
promise	dobj
bear	nsubjpass
plunge	nsubj
sail	nsubj
remark	nmod
recognize	dobj
stir	nsubj
